,id,retweet_count,favorite_count
0,876484053909872640,2351,18403
1,886366144734445568,3120,20751
2,877611172832227328,79,0
3,888078434458587136,3402,21291
4,891689557279858688,8421,41265
5,879492040517615616,3105,22941
6,878604707211726852,7036,29636
7,879674319642796034,10,304
8,884876753390489601,5470,27332
9,882992080364220416,3826,23457
10,876120275196170240,4588,27395
11,889880896479866881,4845,27229
12,885518971528720385,3659,20001
13,879862464715927552,3414,21884
14,877556246731214848,3723,22279
15,890971913173991426,2007,11591
16,890006608113172480,7139,30024
17,873580283840344065,3870,23782
18,880935762899988482,2715,16678
19,891815181378084864,4051,24517
20,877201837425926144,5460,26588
21,886267009285017600,4,116
22,873337748698140672,1559,0
23,875747767867523072,4209,24720
24,889278841981685760,5225,24704
25,879415818425184262,43267,103683
26,882268110199369728,11309,43996
27,880465832366813184,6129,27938
28,887101392804085760,5808,29935
29,884162670584377345,2910,19931
30,879376492567855104,3043,16444
31,874057562936811520,3890,22276
32,875144289856114688,4835,21522
33,885528943205470208,6262,35204
34,878776093423087618,4037,19018
35,880872448815771648,3734,20846
36,885984800019947520,6595,31943
37,874434818259525634,14436,0
38,881633300179243008,7,124
39,883482846933004288,9677,44945
40,884562892145688576,4570,23792
41,889665388333682689,9778,47107
42,874680097055178752,4555,27305
43,887473957103951883,17700,67542
44,892177421306343426,6116,32564
45,884441805382717440,5518,26434
46,873213775632977920,1559,7107
47,890240255349198849,7187,31245
48,881268444196462592,5052,22610
49,891087950875897856,3035,19824
50,879130579576475649,6659,0
51,886680336477933568,4350,21961
52,878281511006478336,1258,7589
53,878404777348136964,1258,0
54,886054160059072513,104,0
55,888917238123831296,4389,28506
56,890729181411237888,18371,63956
57,881536004380872706,15570,48397
58,872967104147763200,5328,26873
59,887343217045368832,10152,32962
60,885311592912609280,18079,0
61,877316821321428993,5072,26845
62,885167619883638784,4276,21459
63,889638837579907072,4407,26567
64,876838120628539392,3268,20299
65,879050749262655488,4604,22079
66,892420643555336193,8279,37910
67,886983233522544640,7571,34397
68,876537666061221889,4547,23061
69,877736472329191424,18659,78145
70,874296783580663808,4029,25571
71,874012996292530176,10216,33930
72,888804989199671297,4175,25032
73,890609185150312448,4167,27230
74,887705289381826560,5250,29547
75,875097192612077568,5935,26892
76,875021211251597312,4628,24997
77,886258384151887873,6130,27408
78,878057613040115712,6659,41181
79,880095782870896641,4244,27050
80,887517139158093824,11384,45285
81,883117836046086144,6496,36376
82,884925521741709313,17790,75772
83,882045870035918850,4842,28737
84,883360690899218434,3609,22207
85,878316110768087041,6499,0
86,880221127280381952,4115,26476
87,883838122936631299,3364,21438
88,879008229531029506,2636,18596
89,882762694511734784,4784,27694
90,888554962724278272,3451,19405
91,882627270321602560,5936,27351
92,881666595344535552,10415,49531
93,884247878851493888,19987,71464
94,881906580714921986,3311,23811
95,886736880519319552,3194,11807
96,891327558926688256,9121,39437
97,889531135344209921,2191,14794
98,858860390427611136,8276,0
99,868639477480148993,2087,0
100,858471635011153920,4925,21646
101,870374049280663552,25986,81700
102,856330835276025856,696,0
103,855860136149123072,1052,5094
104,864197398364647424,8961,30067
105,868880397819494401,14396,64949
106,867051520902168576,7852,32014
107,855851453814013952,18186,46034
108,872620804844003328,3638,20449
109,862457590147678208,4993,20530
110,866450705531457537,35284,121530
111,866094527597207552,8374,0
112,858843525470990336,3534,15626
113,860924035999428608,830,0
114,866720684873056260,4805,19941
115,863427515083354112,97,2260
116,863553081350529029,4202,15272
117,863907417377173506,4160,20557
118,872261713294495745,6234,33662
119,854482394044301312,7080,29786
120,869227993411051520,3767,20238
121,859196978902773760,30625,90376
122,864279568663928832,3039,14584
123,869772420881756160,9956,41915
124,860184849394610176,5921,16729
125,854732716440526848,6286,23179
126,859074603037188101,13825,34051
127,864873206498414592,8729,32178
128,858107933456039936,2955,15833
129,862096992088072192,23476,74563
130,856288084350160898,17,524
131,857393404942143489,1676,5960
132,863471782782697472,2460,0
133,863432100342583297,5277,23782
134,860563773140209665,2180,7529
135,870656317836468226,2614,12253
136,870308999962521604,4121,21566
137,863079547188785154,1113,8756
138,870063196459192321,8278,36213
139,855818117272018944,5580,26966
140,865718153858494464,5623,25521
141,871762521631449091,3434,19958
142,861383897657036800,10802,36147
143,871102520638267392,5447,20647
144,870804317367881728,6145,33180
145,871166179821445120,5631,0
146,857263160327368704,4599,20184
147,860981674716409858,2180,0
148,859851578198683649,3555,15472
149,869702957897576449,6302,27916
150,867774946302451713,7319,33701
151,857989990357356544,2631,16253
152,856526610513747968,1929,11968
153,863062471531167744,2460,8518
154,855138241867124737,47,0
155,856543823941562368,2947,16417
156,871032628920680449,3776,22360
157,866686824827068416,3475,19191
158,855857698524602368,2164,11991
159,871879754684805121,11003,37358
160,855459453768019968,8432,30324
161,857029823797047296,4092,19112
162,869596645499047938,3119,15797
163,872820683541237760,3633,14473
164,865006731092295680,7698,27896
165,862831371563274240,5132,19163
166,871515927908634625,3417,19912
167,859607811541651456,1598,18676
168,856282028240666624,6475,28037
169,868552278524837888,2087,10042
170,855862651834028034,27,348
171,861005113778896900,3833,16740
172,866334964761202691,14436,52265
173,854120357044912130,7723,32520
174,862722525377298433,3552,17055
175,857746408056729600,10837,34539
176,856602993587888130,10923,0
177,857062103051644929,176,0
178,872486979161796608,8897,40031
179,861288531465048066,4193,17213
180,860276583193509888,3513,18351
181,860524505164394496,5344,23691
182,868622495443632128,5274,26483
183,859924526012018688,4136,19620
184,855245323840757760,6148,0
185,857214891891077121,18,229
186,867900495410671616,4170,23998
187,865359393868664832,5007,26361
188,870726314365509632,3,117
189,860177593139703809,31253,0
190,867421006826221569,2499,15986
191,872122724285648897,8018,33878
192,854365224396361728,4841,19207
193,867072653475098625,121,0
194,852672615818899456,2243,15242
195,837366284874571778,5649,22098
196,840632337062862849,1861,9348
197,852553447878664193,3651,16722
198,838561493054533637,1410,11392
199,849051919805034497,8921,43737
200,842115215311396866,3213,14569
201,843856843873095681,4899,22240
202,847971574464610304,448,0
203,844223788422217728,2326,14148
204,845812042753855489,9209,30333
205,842846295480000512,3813,15807
206,850753642995093505,9677,31814
207,840370681858686976,4829,17144
208,840728873075638272,17168,0
209,847617282490613760,444,7236
210,852226086759018497,7071,20467
211,853760880890318849,5986,29124
212,847157206088847362,6161,20609
213,843235543001513987,6401,22329
214,836989968035819520,2455,13295
215,844979544864018432,2722,14118
216,847978865427394560,3421,0
217,840696689258311684,1041,12799
218,837471256429613056,2445,13350
219,842535590457499648,3713,18794
220,846874817362120707,4125,20751
221,838952994649550848,4230,20456
222,842163532590374912,6148,25445
223,847842811428974592,1408,5646
224,843604394117681152,2916,17535
225,848212111729840128,3215,16838
226,842765311967449089,1352,6999
227,841320156043304961,5778,20568
228,853299958564483072,3699,15844
229,841833993020538882,16258,0
230,837110210464448512,2550,16743
231,838201503651401729,10747,0
232,837820167694528512,8374,35719
233,840698636975636481,2,185
234,847251039262605312,4507,21128
235,838916489579200512,36,0
236,850145622816686080,4001,16781
237,839990271299457024,2439,13981
238,837482249356513284,469,4004
239,852936405516943360,2080,0
240,845397057150107648,1905,7909
241,849776966551130114,7950,31324
242,848213670039564288,780,8428
243,851953902622658560,10014,0
244,852912242202992640,1904,9257
245,852311364735569921,10264,33867
246,838083903487373313,3364,18402
247,849412302885593088,3288,16337
248,845306882940190720,5687,24167
249,844973813909606400,3394,15663
250,846042936437604353,3053,16557
251,839239871831150596,6959,28380
252,841680585030541313,8223,26665
253,838085839343206401,0,147
254,838831947270979586,11771,0
255,851591660324737024,3613,16604
256,851861385021730816,23,0
257,845098359547420673,8078,0
258,838150277551247360,353,1754
259,839290600511926273,151,0
260,845677943972139009,5044,26016
261,846153765933735936,9557,32793
262,849336543269576704,1977,11753
263,849668094696017920,5179,0
264,844580511645339650,3321,17099
265,846139713627017216,10420,31964
266,853639147608842240,10499,35511
267,850380195714523136,2733,13414
268,852189679701164033,1652,11730
269,848324959059550208,4819,25520
270,839549326359670784,8276,28701
271,841077006473256960,5631,23811
272,848690551926992896,4530,25980
273,854010172552949760,3256,16488
274,840761248237133825,1861,0
275,838476387338051585,5124,23573
276,843981021012017153,3094,15711
277,838921590096166913,2211,11652
278,850333567704068097,350,3530
279,844704788403113984,10923,40153
280,850019790995546112,5111,21023
281,846505985330044928,3245,14588
282,846514051647705089,12211,46175
283,847606175596138505,3570,19397
284,847116187444137987,3369,22119
285,851464819735769094,7381,24862
286,847962785489326080,5353,24283
287,840268004936019968,6097,20090
288,841439858740625411,3902,13132
289,841314665196081154,4987,16471
290,851224888060895234,5959,21219
291,831315979191906304,1197,6862
292,831650051525054464,2080,7541
293,830173239259324417,6133,0
294,832088576586297345,2,69
295,832397543355072512,2386,12524
296,826204788643753985,1006,5151
297,826240494070030336,2796,14001
298,835309094223372289,22476,0
299,827199976799354881,2419,11131
300,826598365270007810,2534,10614
301,836260088725786625,4583,22226
302,829011960981237760,17478,55730
303,829878982036299777,5398,0
304,827600520311402496,1022,7792
305,829449946868879360,2184,11001
306,825535076884762624,18571,54938
307,828381636999917570,2401,13289
308,832769181346996225,40,0
309,829861396166877184,2103,12854
310,833732339549220864,230,0
311,828650029636317184,1450,9993
312,828361771580813312,183,2307
313,826598799820865537,272,5383
314,835685285446955009,8707,0
315,826848821049180160,11018,38408
316,832215909146226688,6648,0
317,830956169170665475,1607,8362
318,829141528400556032,7978,25752
319,832273440279240704,2502,11860
320,835297930240217089,3206,17187
321,828376505180889089,1147,7764
322,828046555563323392,3086,12374
323,828770345708580865,6319,26900
324,836397794269200385,29528,0
325,831309418084069378,2623,12321
326,834086379323871233,2374,13692
327,834209720923721728,5121,21581
328,831322785565769729,1642,9679
329,827933404142436356,5629,21202
330,828409743546925057,1240,6622
331,832369877331693569,3421,18009
332,828372645993398273,3178,13207
333,832636094638288896,2990,16612
334,834458053273591808,1794,10060
335,836677758902222849,2371,13190
336,832032802820481025,4976,18706
337,831939777352105988,6576,25168
338,835574547218894849,3870,18634
339,832682457690300417,3145,12445
340,826476773533745153,4531,19415
341,832215726631055365,10070,0
342,832998151111966721,2372,13934
343,833124694597443584,5179,21166
344,831262627380748289,2201,12515
345,833863086058651648,2574,14043
346,825147591692263424,4941,19316
347,836001077879255040,4583,19982
348,834167344700198914,3892,16511
349,826115272272650244,3391,16506
350,824796380199809024,5947,0
351,834089966724603904,2274,10524
352,829501995190984704,11427,33393
353,831911600680497154,7003,29031
354,834477809192075265,11427,0
355,835246439529840640,77,2191
356,828801551087042563,3660,0
357,836753516572119041,4925,20099
358,834931633769889797,1764,11328
359,825876512159186944,2022,11036
360,833479644947025920,2215,15579
361,825026590719483904,1377,6703
362,836380477523124226,3163,15403
363,832757312314028032,3880,17645
364,835536468978302976,1820,0
365,832645525019123713,555,3058
366,834786237630337024,5879,22193
367,826615380357632002,4269,0
368,831670449226514432,1945,10972
369,828708714936930305,12098,38509
370,834574053763584002,2710,14324
371,835172783151792128,6136,27343
372,835264098648616962,1820,8096
373,836648853927522308,583,0
374,825829644528148480,2688,13428
375,828408677031882754,1384,8057
376,830097400375152640,3220,10329
377,833826103416520705,3994,18847
378,829374341691346946,10014,36392
379,832040443403784192,10418,0
380,827324948884643840,3303,16709
381,828011680017821696,2315,10899
382,830583320585068544,18079,70269
383,831926988323639298,35,359
384,827653905312006145,3242,16228
385,831552930092285952,2462,9443
386,826958653328592898,5398,22738
387,835152434251116546,3229,23515
388,833722901757046785,3437,21713
389,825120256414846976,1377,0
390,823581115634085888,2863,13779
391,813202720496779264,1960,9768
392,819952236453363712,1283,5634
393,821813639212650496,3623,0
394,824025158776213504,637,5036
395,813130366689148928,485,4754
396,815966073409433600,9237,23824
397,819015331746349057,20561,0
398,823333489516937216,27,735
399,813142292504645637,2568,8970
400,819711362133872643,3398,14253
401,821765923262631936,1808,8904
402,813187593374461952,4761,21086
403,821421320206483457,6064,0
404,816014286006976512,5780,0
405,815390420867969024,4150,11003
406,813157409116065792,2417,8261
407,817908911860748288,859,5132
408,814578408554463233,6315,0
409,820013781606658049,1283,0
410,819227688460238848,7275,24459
411,817415592588222464,1046,5956
412,817120970343411712,2848,12919
413,817056546584727552,1800,9106
414,824663926340194305,1877,10639
415,816829038950027264,5130,0
416,814530161257443328,2024,9201
417,821044531881721856,2485,13414
418,818259473185828864,2483,11691
419,818627210458333184,8099,23530
420,820837357901512704,7275,0
421,817502432452313088,3686,0
422,823719002937630720,12132,0
423,819004803107983360,39897,91871
424,818646164899774465,22669,0
425,821149554670182400,2188,9225
426,822489057087389700,6934,19207
427,822462944365645825,15864,30106
428,813944609378369540,3479,0
429,819015337530290176,39897,0
430,820078625395449857,6830,20992
431,815639385530101762,1791,8727
432,816697700272001025,2400,10410
433,816450570814898180,8832,32464
434,817423860136083457,16258,36245
435,822872901745569793,47467,139915
436,821153421864615936,10,267
437,819924195358416896,5251,13625
438,822244816520155136,10660,37031
439,818588835076603904,6675,0
440,814153002265309185,9458,30588
441,821522889702862852,1923,8491
442,813217897535406080,7964,19857
443,819588359383371776,2138,10137
444,814638523311648768,2953,11976
445,819238181065359361,438,2420
446,822163064745328640,5203,0
447,822975315408461824,3726,18268
448,818145370475810820,2822,13023
449,817827839487737858,29528,54981
450,821107785811234820,2308,10148
451,819347104292290561,1313,7647
452,823939628516474880,2931,11235
453,817171292965273600,2193,9256
454,821886076407029760,2539,12002
455,816336735214911488,2126,9130
456,817181837579653120,9237,0
457,813172488309972993,2085,9920
458,818536468981415936,2693,11565
459,814986499976527872,1407,8122
460,816091915477250048,2349,9477
461,820314633777061888,613,3532
462,820494788566847489,613,0
463,815990720817401858,1133,5309
464,818307523543449600,8832,0
465,821407182352777218,4710,12456
466,823699002998870016,2615,13298
467,813910438903693312,2047,9881
468,824775126675836928,3800,15814
469,818614493328580609,2807,10460
470,816816676327063552,2211,10608
471,816062466425819140,1133,0
472,823322678127919110,4348,16632
473,817536400337801217,3303,12532
474,815736392542261248,2474,10456
475,820749716845686786,10747,33414
476,823269594223824897,10660,0
477,819006400881917954,20561,47883
478,817777686764523521,2908,11352
479,822859134160621569,2475,13986
480,813800681631023104,1918,8873
481,815745968457060357,4501,0
482,813127251579564032,3410,12617
483,820690176645140481,3490,12916
484,822610361945911296,3219,15622
485,824297048279236611,4186,15894
486,820446719150292993,2805,0
487,813812741911748608,15278,38670
488,824325613288833024,11234,12445
489,822647212903690241,6934,0
490,805932879469572096,2089,8818
491,803380650405482500,2025,8271
492,807106840509214720,60712,126583
493,799063482566066176,2695,8621
494,801115127852503040,2283,8624
495,812709060537683968,1556,7049
496,811627233043480576,3403,13616
497,800751577355128832,3033,11204
498,805487436403003392,2769,9341
499,804475857670639616,2196,6542
500,802265048156610565,1491,7042
501,811744202451197953,1750,8036
502,809084759137812480,3827,14066
503,813096984823349248,3922,11209
504,813081950185472002,3020,10507
505,799774291445383169,5117,0
506,805207613751304193,1863,8315
507,805520635690676224,1798,6120
508,798701998996647937,8536,0
509,802185808107208704,290,0
510,807059379405148160,7999,0
511,806542213899489280,2578,10885
512,809448704142938112,1603,7380
513,800855607700029440,1777,0
514,808838249661788160,3320,10761
515,805958939288408065,5883,0
516,804413760345620481,3526,0
517,807010152071229440,4186,13905
518,811985624773361665,1536,7729
519,809808892968534016,5341,0
520,798933969379225600,4890,14042
521,806629075125202948,38060,80082
522,800513324630806528,3286,14022
523,802952499103731712,2199,9632
524,801167903437357056,6497,26144
525,807621403335917568,4013,15515
526,803773340896923648,3029,10710
527,802323869084381190,6366,17315
528,812372279581671427,4003,14575
529,806620845233815552,6028,0
530,804026241225523202,17734,47565
531,810896069567610880,1954,9631
532,812466873996607488,2104,8497
533,812781120811126785,2087,8076
534,806242860592926720,12742,0
535,799757965289017345,2362,8973
536,808001312164028416,3863,13391
537,798705661114773508,7211,0
538,805823200554876929,8787,0
539,801854953262350336,256,1878
540,808344865868283904,22669,45275
541,800859414831898624,104,736
542,800459316964663297,2356,10098
543,801285448605831168,914,6455
544,802624713319034886,3200,0
545,800388270626521089,3073,11893
546,798682547630837760,5163,0
547,798925684722855936,1565,7945
548,808134635716833280,6497,0
549,811647686436880384,809,5939
550,800188575492947969,4313,0
551,811386762094317568,6973,22263
552,803276597545603072,2694,10693
553,798694562394996736,5425,0
554,810984652412424192,1561,5671
555,812503143955202048,1328,6465
556,804738756058218496,4203,14638
557,809920764300447744,4269,16490
558,801127390143516673,4336,0
559,808106460588765185,2400,9318
560,802239329049477120,2848,9674
561,801538201127157760,2243,8741
562,803692223237865472,8129,0
563,800443802682937345,4717,0
564,813051746834595840,7992,22297
565,802572683846291456,2735,9528
566,798686750113755136,2535,0
567,800141422401830912,2805,16340
568,802600418706604034,1609,7587
569,806219024703037440,1303,6847
570,808733504066486276,2369,8422
571,810284430598270976,12433,37730
572,810254108431155201,3660,15630
573,809220051211603969,6133,21223
574,801958328846974976,1867,8230
575,813066809284972545,2115,8473
576,798697898615730177,7114,0
577,805826884734976000,2001,7014
578,799308762079035393,6033,0
579,813112105746448384,3004,10989
580,800018252395122689,14396,30294
581,806576416489959424,2097,5167
582,803638050916102144,4515,11702
583,808501579447930884,2841,12009
584,803321560782307329,5800,0
585,799422933579902976,2093,8586
586,810657578271330305,2890,11677
587,799297110730567681,3027,10579
588,794926597468000259,2522,10976
589,794983741416415232,3690,0
590,789280767834746880,5399,0
591,798209839306514432,2797,11077
592,796759840936919040,3350,12663
593,788070120937619456,3735,0
594,797545162159308800,5305,15482
595,787322443945877504,1908,8309
596,792050063153438720,1973,7657
597,788765914992902144,11248,29271
598,798665375516884993,4253,0
599,787717603741622272,3036,10902
600,791312159183634433,2776,9391
601,788039637453406209,1444,6555
602,798585098161549313,6240,0
603,793210959003287553,3074,9536
604,786729988674449408,2631,0
605,792773781206999040,1834,7837
606,798340744599797760,3668,0
607,796387464403357696,4563,11744
608,791784077045166082,10525,0
609,793195938047070209,6153,16316
610,796484825502875648,1928,8087
611,796116448414461957,2647,9711
612,789903600034189313,4508,11093
613,791821351946420224,22986,0
614,792883833364439040,4681,12076
615,789599242079838210,2117,7222
616,793845145112371200,2052,9831
617,796904159865868288,9704,0
618,796031486298386433,4023,11543
619,795076730285391872,5947,17331
620,798673117451325440,6052,0
621,790723298204217344,2533,0
622,786363235746385920,3817,11615
623,791780927877898241,4161,0
624,787111942498508800,7335,0
625,793120401413079041,4278,13550
626,787397959788929025,3096,11566
627,794355576146903043,11248,0
628,798644042770751489,2026,0
629,791406955684368384,4501,14002
630,789986466051088384,2533,9858
631,794205286408003585,3621,9827
632,787810552592695296,3337,9249
633,793614319594401792,3417,0
634,791774931465953280,24284,48210
635,790946055508652032,5130,17727
636,789314372632018944,2518,9192
637,789960241177853952,4516,0
638,788150585577050112,1424,6554
639,791026214425268224,4493,0
640,786595970293370880,3373,10037
641,789628658055020548,1948,8012
642,792394556390137856,4690,14353
643,789268448748703744,2819,9730
644,796177847564038144,15671,0
645,790698755171364864,2086,8742
646,794332329137291264,2901,10226
647,786963064373534720,8707,28344
648,791672322847637504,3417,12547
649,793180763617361921,2181,7403
650,789530877013393408,3690,12543
651,795400264262053889,3141,10769
652,788908386943430656,13525,29250
653,793226087023144960,3129,10502
654,788412144018661376,5783,16643
655,790337589677002753,2041,8346
656,797165961484890113,29,246
657,793256262322548741,9130,21347
658,792913359805018113,4389,15309
659,790581949425475584,7860,22058
660,793135492858580992,2729,6907
661,790987426131050500,2338,10552
662,793241302385262592,3583,11230
663,788178268662984705,2307,7710
664,796865951799083009,2084,8183
665,796149749086875649,15671,34523
666,786664955043049472,2787,11369
667,793165685325201412,3042,10042
668,797236660651966464,7252,21323
669,790227638568808452,3907,0
670,797971864723324932,3436,12434
671,796080075804475393,2535,9029
672,795464331001561088,26055,53182
673,793286476301799424,10070,26259
674,798628517273620480,2150,0
675,789137962068021249,3055,10355
676,790277117346975746,3479,13392
677,793962221541933056,5341,17946
678,796125600683540480,1954,5277
679,793271401113350145,2591,9232
680,786709082849828864,6648,19369
681,793601777308463104,1785,8513
682,793500921481273345,2602,11417
683,798576900688019456,6394,0
684,793150605191548928,1869,6588
685,786286427768250368,3115,8478
686,788552643979468800,7863,0
687,796563435802726400,7979,0
688,776088319444877312,165,1937
689,784057939640352768,12132,31815
690,778748913645780993,1444,7330
691,775733305207554048,4336,14679
692,777684233540206592,3200,11911
693,780476555013349377,126,0
694,775085132600442880,5117,16481
695,775898661951791106,17807,0
696,776249906839351296,9913,0
697,777641927919427584,4608,0
698,778764940568104960,399,912
699,782021823840026624,6782,0
700,776477788987613185,3026,9380
701,776813020089548800,1315,5175
702,785927819176054784,3453,12107
703,781163403222056960,2976,10381
704,773704687002451968,1757,6986
705,785872687017132033,1987,7117
706,774639387460112384,1871,7117
707,786051337297522688,168,1536
708,772877495989305348,4190,9083
709,776218204058357768,17309,31842
710,783347506784731136,6094,0
711,781524693396357120,6028,22062
712,778383385161035776,1202,6205
713,774757898236878852,1916,9066
714,783085703974514689,2417,8654
715,773922284943896577,1873,6776
716,784517518371221505,2768,9548
717,780800785462489090,1414,5846
718,785170936622350336,5296,12889
719,779056095788752897,4914,15714
720,778650543019483137,1622,6115
721,773191612633579521,4446,10583
722,777189768882946048,4691,15218
723,773670353721753600,1399,5635
724,780092040432480260,2501,0
725,780192070812196864,2430,9257
726,776819012571455488,14913,0
727,784431430411685888,1397,6062
728,778774459159379968,10831,0
729,779834332596887552,7702,20160
730,785515384317313025,1370,6500
731,786036967502913536,7702,0
732,776201521193218049,2730,10180
733,785264754247995392,1780,7739
734,779377524342161408,3383,9370
735,780074436359819264,5422,13014
736,780496263422808064,4034,0
737,777885040357281792,1781,6758
738,780931614150983680,7979,23000
739,783839966405230592,11771,31982
740,782598640137187329,2037,8274
741,778990705243029504,7886,21261
742,783695101801398276,3515,11123
743,785533386513321988,2185,9700
744,784826020293709826,3526,10795
745,773308824254029826,8078,24630
746,778408200802557953,4718,14506
747,781661882474196992,2948,11103
748,783334639985389568,12742,31087
749,786233965241827333,5203,16309
750,782722598790725632,5883,18393
751,777621514455814149,2701,9304
752,785639753186217984,2419,8326
753,778624900596654080,1095,4932
754,781655249211752448,1217,4259
755,782747134529531904,1517,7937
756,782969140009107456,7999,25658
757,773247561583001600,3481,9972
758,777953400541634568,3824,0
759,778286810187399168,3581,11037
760,781308096455073793,2768,7568
761,775364825476165632,3224,7871
762,779124354206535695,19990,0
763,773985732834758656,4194,11376
764,773336787167145985,5510,0
765,781955203444699136,3660,11821
766,778396591732486144,13290,0
767,780543529827336192,1879,6702
768,779123168116150273,3960,12538
769,775729183532220416,4952,13703
770,783391753726550016,5989,17948
771,775842724423557120,2895,12428
772,775350846108426240,4228,10763
773,781251288990355457,2285,8968
774,778027034220126208,1760,6954
775,784183165795655680,8787,21423
776,783821107061198850,2130,7826
777,782305867769217024,6064,17724
778,778039087836069888,2855,8993
779,780459368902959104,1162,5620
780,774314403806253056,6033,23071
781,780601303617732608,3623,12844
782,773547596996571136,6675,23414
783,772826264096874500,2526,8462
784,783466772167098368,2454,8993
785,776113305656188928,4717,12453
786,780858289093574656,2179,7655
787,768970937022709760,7064,15243
788,759943073749200896,2250,6256
789,772102971039580160,1003,4240
790,759447681597108224,2631,8946
791,772193107915964416,1497,6366
792,764857477905154048,1906,6787
793,763837565564780549,4493,13303
794,760290219849637889,12361,28317
795,770772759874076672,1527,5486
796,771500966810099713,2840,8764
797,766793450729734144,1465,5357
798,767122157629476866,3069,10708
799,759159934323924993,1246,0
800,768609597686943744,1306,4348
801,768855141948723200,959,4435
802,766069199026450432,925,4514
803,772581559778025472,1823,6858
804,766423258543644672,1721,6359
805,759446261539934208,521,1761
806,762464539388485633,4516,10885
807,768554158521745409,6287,0
808,759566828574212096,22702,0
809,761599872357261312,1266,4356
810,770093767776997377,3277,0
811,760190180481531904,1944,6004
812,765669560888528897,1314,5486
813,772615324260794368,3648,0
814,765222098633691136,3648,12274
815,772117678702071809,796,3978
816,760656994973933572,2073,6966
817,759923798737051648,6091,15470
818,758828659922702336,4116,11765
819,770069151037685760,2486,8023
820,771770456517009408,3668,12697
821,763103485927849985,2458,7769
822,767754930266464257,5800,16931
823,761976711479193600,2177,5695
824,771136648247640064,3173,9710
825,767884188863397888,1514,5020
826,761672994376806400,31253,52339
827,766078092750233600,2805,0
828,760521673607086080,1504,4460
829,762035686371364864,16807,33766
830,761227390836215808,1674,5602
831,760641137271070720,1388,5225
832,761750502866649088,4233,0
833,768909767477751808,2913,0
834,769695466921623552,1787,6751
835,761745352076779520,924,4482
836,759047813560868866,2175,6854
837,771014301343748096,1790,7274
838,772152991789019136,1210,4001
839,760539183865880579,3904,7993
840,766714921925144576,419,2756
841,766693177336135680,851,4252
842,766313316352462849,2029,7170
843,764259802650378240,1633,6386
844,763183847194451968,1583,5700
845,771908950375665664,2049,6966
846,766864461642756096,6091,0
847,761334018830917632,1562,5484
848,767500508068192258,2518,7896
849,770787852854652928,1316,5235
850,772114945936949249,511,2876
851,763167063695355904,3249,0
852,762471784394268675,6974,11902
853,760153949710192640,34,0
854,768473857036525572,3701,14412
855,770414278348247044,2232,6657
856,768193404517830656,3824,11530
857,765719909049503744,2314,7649
858,759846353224826880,2131,7075
859,761004547850530816,3735,11934
860,759557299618865152,1263,4951
861,762316489655476224,1212,5084
862,771171053431250945,8170,0
863,769335591808995329,8293,0
864,769212283578875904,1846,5710
865,759099523532779520,4487,15309
866,771102124360998913,1554,6604
867,770293558247038976,1607,6600
868,758854675097526272,960,3740
869,760252756032651264,930,4149
870,762699858130116608,3907,12836
871,768596291618299904,1378,5299
872,765371061932261376,2331,7493
873,770655142660169732,1883,7742
874,771380798096281600,5510,11136
875,767191397493538821,4105,12963
876,765395769549590528,3663,27939
877,759197388317847553,2092,6377
878,760893934457552897,1047,4031
879,761292947749015552,1181,4710
880,763956972077010945,58,784
881,771004394259247104,236,0
882,766008592277377025,532,3960
883,761371037149827077,19336,0
884,769940425801170949,10418,33261
885,759793422261743616,2043,6287
886,750071704093859840,3576,8260
887,749317047558017024,2366,5745
888,752334515931054080,1182,4012
889,748692773788876800,1418,4445
890,748705597323898880,1013,2899
891,753039830821511168,22476,39058
892,758355060040593408,1164,3615
893,750381685133418496,30,726
894,748220828303695873,8326,14822
895,751538714308972544,1355,5294
896,754747087846248448,557,2704
897,753420520834629632,3829,8338
898,757597904299253760,314,0
899,751132876104687617,1394,5330
900,751598357617971201,3260,8302
901,756303284449767430,1162,4151
902,748575535303884801,2118,6353
903,753375668877008896,2501,8023
904,748699167502000129,1705,4960
905,752309394570878976,17916,0
906,748337862848962560,4395,8055
907,752932432744185856,7335,13296
908,750506206503038976,1231,4662
909,757354760399941633,1531,4755
910,750101899009982464,903,3187
911,750086836815486976,581,2280
912,750868782890057730,1483,5012
913,750041628174217216,663,3331
914,753026973505581056,1047,4093
915,752660715232722944,1688,4633
916,748977405889503236,3635,11252
917,750117059602808832,1390,4549
918,748932637671223296,2417,6123
919,748568946752774144,716,2285
920,756526248105566208,3876,10939
921,757725642876129280,1304,4779
922,751205363882532864,1963,6622
923,750011400160841729,970,3406
924,754856583969079297,2715,7233
925,758099635764359168,10831,20216
926,749395845976588288,3709,9025
927,755206590534418437,5788,17327
928,752519690950500352,3701,7745
929,751830394383790080,2102,6098
930,750383411068534784,1219,4780
931,748346686624440324,1324,5478
932,758474966123810816,1068,4026
933,758740312047005698,1727,6037
934,754449512966619136,786,3936
935,750719632563142656,5399,13860
936,751793661361422336,3119,6165
937,752173152931807232,1979,6252
938,755955933503782912,3104,7718
939,749403093750648834,581,2756
940,749417653287129088,1778,6396
941,757400162377592832,7348,15943
942,756651752796094464,1405,5328
943,754874841593970688,8593,0
944,753398408988139520,2065,6073
945,756288534030475264,18765,45095
946,749981277374128128,2618,5358
947,751583847268179968,1190,4621
948,750147208377409536,1030,3256
949,757596066325864448,1137,4580
950,750026558547456000,841,2845
951,754482103782404096,2094,5576
952,755110668769038337,11892,22344
953,749064354620928000,1620,5021
954,758405701903519748,2075,5480
955,753298634498793472,6176,0
956,752568224206688256,2453,5805
957,752682090207055872,1721,6287
958,757741869644341248,3495,7252
959,751456908746354688,1071,3367
960,757611664640446465,1200,4801
961,756998049151549440,2129,6602
962,751950017322246144,999,3229
963,757729163776290825,8705,0
964,752701944171524096,3103,0
965,753294487569522689,1118,3568
966,751937170840121344,1443,5477
967,751251247299190784,6295,13124
968,749036806121881602,838,3254
969,757393109802180609,1878,6140
970,749996283729883136,866,3187
971,749075273010798592,2216,6041
972,754120377874386944,2507,8243
973,748307329658011649,759,3840
974,756275833623502848,1631,6760
975,756939218950160384,2161,7002
976,758467244762497024,2393,5062
977,750056684286914561,956,3296
978,758041019896193024,402,2850
979,750429297815552001,4608,13838
980,750132105863102464,1365,3817
981,749774190421639168,1402,4879
982,752917284578922496,1687,7249
983,748324050481647620,817,3872
984,753655901052166144,2330,6149
985,742423170473463808,4034,10262
986,744234799360020481,83263,163730
987,743595368194129920,6990,19263
988,746906459439529985,315,3013
989,743980027717509120,1154,4347
990,747885874273214464,1050,3085
991,740676976021798912,7211,18938
992,740711788199743490,992,3554
993,744995568523612160,660,3107
994,742528092657332225,2119,4617
995,741438259667034112,884,3830
996,737800304142471168,3670,10422
997,746726898085036033,1911,6316
998,740214038584557568,2088,6975
999,743835915802583040,2212,0
1000,746542875601690625,1993,5268
1001,739623569819336705,1446,3963
1002,747512671126323200,1693,5799
1003,746507379341139972,1150,4849
1004,738184450748633089,1280,4491
1005,741793263812808706,1601,4760
1006,747594051852075008,1120,3866
1007,744709971296780288,1659,5841
1008,746056683365994496,865,3709
1009,746521445350707200,1048,0
1010,745789745784041472,1135,4211
1011,738883359779196928,857,3470
1012,747933425676525569,2720,6935
1013,743222593470234624,2022,6468
1014,737678689543020544,1414,5247
1015,739932936087216128,1145,4226
1016,737445876994609152,4729,10710
1017,736365877722001409,1324,4158
1018,739485634323156992,3122,7490
1019,747242308580548608,3069,0
1020,740699697422163968,828,2957
1021,743510151680958465,3935,8258
1022,747219827526344708,1683,5527
1023,742150209887731712,1655,5360
1024,744334592493166593,2272,7067
1025,746131877086527488,2347,7229
1026,740373189193256964,14120,36342
1027,741067306818797568,3277,9863
1028,747651430853525504,165,1445
1029,746818907684614144,1838,5553
1030,747600769478692864,586,2428
1031,738891149612572673,6,112
1032,743545585370791937,991,3672
1033,736736130620620800,1838,4485
1034,739238157791694849,61643,120936
1035,736225175608430592,2932,8468
1036,747103485104099331,4252,10021
1037,745074613265149952,3757,8191
1038,745433870967832576,2702,7408
1039,745712589599014916,2470,7308
1040,740365076218183684,461,2583
1041,742465774154047488,4136,7582
1042,740995100998766593,2941,6676
1043,746757706116112384,4161,10018
1044,742161199639494656,1464,4536
1045,738537504001953792,1653,5308
1046,743609206067040256,1465,4672
1047,739979191639244800,6287,20815
1048,737310737551491075,7872,15302
1049,747204161125646336,981,3535
1050,737322739594330112,858,3758
1051,747844099428986880,801,2945
1052,747648653817413632,6233,13504
1053,738156290900254721,694,2639
1054,739844404073074688,906,3957
1055,742385895052087300,2110,7103
1056,747816857231626240,1240,5074
1057,737826014890496000,1864,5494
1058,746790600704425984,1695,5107
1059,743253157753532416,1295,4418
1060,744971049620602880,2869,8236
1061,745057283344719872,2420,7546
1062,744223424764059648,393,1759
1063,746369468511756288,1751,6452
1064,743210557239623680,1452,4009
1065,742534281772302336,3775,7357
1066,745314880350101504,2955,7501
1067,741099773336379392,5902,10469
1068,745422732645535745,2583,8970
1069,739544079319588864,22702,41389
1070,738166403467907072,3606,9168
1071,740359016048689152,909,3437
1072,747461612269887489,1097,4044
1073,747963614829678593,2286,6055
1074,735991953473572864,1220,3745
1075,741303864243200000,3433,9152
1076,741743634094141440,2932,8528
1077,736392552031657984,7863,18500
1078,739606147276148736,1757,5598
1079,747439450712596480,2055,5682
1080,738885046782832640,1209,3928
1081,746872823977771008,2290,6278
1082,736010884653420544,3154,8219
1083,743895849529389061,1017,3805
1084,738402415918125056,892,3386
1085,717421804990701568,885,3267
1086,719991154352222208,1845,5013
1087,718540630683709445,1071,2575
1088,725458796924002305,656,1463
1089,719332531645071360,1006,3546
1090,718939241951195136,1862,5444
1091,730211855403241472,1118,3983
1092,735648611367784448,1168,4167
1093,722613351520608256,1728,5154
1094,723912936180330496,1295,4053
1095,734559631394082816,418,1559
1096,720043174954147842,2118,5098
1097,717428917016076293,478,1672
1098,725842289046749185,2805,7330
1099,727155742655025152,1401,3792
1100,728409960103686147,2117,5107
1101,720389942216527872,2654,6644
1102,728015554473250816,1161,4256
1103,726828223124897792,1060,3691
1104,720785406564900865,812,3234
1105,724983749226668032,1376,3862
1106,716802964044845056,1244,4447
1107,731156023742988288,1349,3989
1108,720775346191278080,714,2573
1109,725729321944506368,1883,5391
1110,735274964362878976,5383,13559
1111,718234618122661888,1063,4030
1112,728035342121635841,1762,4727
1113,735137028879360001,1026,3256
1114,718971898235854848,1158,3622
1115,728653952833728512,1095,3442
1116,729823566028484608,1312,4148
1117,718460005985447936,555,2798
1118,724405726123311104,1739,5507
1119,716791146589110272,1514,6220
1120,726935089318363137,2590,7158
1121,724004602748780546,1662,4348
1122,719367763014393856,782,2902
1123,729854734790754305,1192,4203
1124,733828123016450049,823,3733
1125,722974582966214656,1660,4260
1126,730573383004487680,2279,5116
1127,727314416056803329,794,3463
1128,726887082820554753,1591,3987
1129,729838605770891264,408,1772
1130,724049859469295616,1866,4488
1131,728046963732717569,1245,4473
1132,733460102733135873,1352,4374
1133,730924654643314689,2096,6371
1134,724046343203856385,592,2764
1135,727524757080539137,1287,4648
1136,725786712245440512,1435,4322
1137,728986383096946689,864,3279
1138,728751179681943552,714,2883
1139,732732193018155009,565,2539
1140,726224900189511680,1210,4582
1141,732585889486888962,818,3830
1142,734787690684657664,6672,13081
1143,735635087207878657,2488,6434
1144,732005617171337216,5780,15541
1145,727175381690781696,1456,4028
1146,735256018284875776,940,3479
1147,734776360183431168,576,2616
1148,733109485275860992,17807,51283
1149,718246886998687744,528,2006
1150,719551379208073216,2035,5253
1151,727685679342333952,669,3047
1152,721503162398597120,1976,4836
1153,723673163800948736,941,3140
1154,717537687239008257,1939,5969
1155,734912297295085568,546,2848
1156,723688335806480385,3150,7996
1157,720340705894408192,1031,2972
1158,730196704625098752,2035,5082
1159,728760639972315136,1804,4863
1160,728387165835677696,1014,3815
1161,717009362452090881,1027,3400
1162,731285275100512256,1040,3625
1163,717790033953034240,1190,2993
1164,727644517743104000,1849,6134
1165,717047459982213120,2019,6514
1166,720415127506415616,1582,4292
1167,718454725339934721,1592,5052
1168,733482008106668032,1003,3273
1169,732375214819057664,2674,8419
1170,724771698126512129,678,2466
1171,730427201120833536,1106,3606
1172,727286334147182592,863,3162
1173,721001180231503872,652,2625
1174,729463711119904772,2449,6032
1175,732726085725589504,932,3673
1176,718631497683582976,8536,19613
1177,719704490224398336,1530,4727
1178,723179728551723008,1979,5496
1179,719339463458033665,1321,4581
1180,720059472081784833,1187,4040
1181,718613305783398402,508,2530
1182,717841801130979328,624,2543
1183,733822306246479872,1067,3813
1184,729113531270991872,348,1958
1185,713177543487135744,2986,7488
1186,715220193576927233,689,2511
1187,710833117892898816,569,2801
1188,708356463048204288,1410,3756
1189,714957620017307648,1500,4294
1190,712717840512598017,5281,12844
1191,708834316713893888,534,1764
1192,712309440758808576,25,254
1193,708469915515297792,865,3216
1194,711008018775851008,651,3113
1195,710272297844797440,1329,4715
1196,710658690886586372,596,2395
1197,708738143638450176,864,2856
1198,707776935007539200,1001,3418
1199,709207347839836162,6183,13112
1200,714962719905021952,4509,7656
1201,715680795826982913,1711,4495
1202,709901256215666688,105,701
1203,712092745624633345,944,3057
1204,709158332880297985,444,2120
1205,715696743237730304,1356,4050
1206,711968124745228288,2445,8381
1207,712668654853337088,1283,4316
1208,709519240576036864,251,1543
1209,716447146686459905,6237,13604
1210,714631576617938945,1059,3396
1211,711363825979756544,1199,3805
1212,709225125749587968,604,2504
1213,716285507865542656,1146,2887
1214,714141408463036416,1485,4474
1215,715928423106027520,922,3309
1216,715200624753819648,1990,5321
1217,707969809498152960,1026,2812
1218,708845821941387268,948,3106
1219,708479650088034305,711,2655
1220,708400866336894977,10712,16664
1221,709449600415961088,611,2320
1222,710844581445812225,729,2653
1223,716439118184652801,223,2458
1224,715009755312439296,1308,4334
1225,716080869887381504,2027,6985
1226,708119489313951744,1035,2792
1227,708149363256774660,1626,4452
1228,714258258790387713,756,3139
1229,712065007010385924,662,2349
1230,708810915978854401,7346,17173
1231,713919462244790272,819,3405
1232,710140971284037632,940,2874
1233,710269109699739648,1192,2491
1234,715758151270801409,1506,3873
1235,709556954897764353,1122,3428
1236,709918798883774466,1126,3108
1237,714485234495041536,1222,2820
1238,714606013974974464,976,3769
1239,711652651650457602,973,4020
1240,713411074226274305,1367,4582
1241,708853462201716736,694,1865
1242,710153181850935296,944,3032
1243,712438159032893441,1653,5529
1244,713909862279876608,571,1991
1245,710283270106132480,544,2221
1246,709566166965075968,1272,3681
1247,710117014656950272,2110,5729
1248,709042156699303936,1733,4945
1249,712085617388212225,509,3374
1250,715342466308784130,720,3149
1251,709198395643068416,674,2512
1252,708130923141795840,887,3528
1253,708109389455101952,574,2011
1254,711998809858043904,132,0
1255,710588934686908417,1984,4730
1256,711694788429553666,19336,34170
1257,715733265223708672,1784,4848
1258,707741517457260545,646,2601
1259,715360349751484417,1662,5678
1260,713761197720473600,1455,5073
1261,714214115368108032,929,2359
1262,709409458133323776,731,2720
1263,712809025985978368,7114,19314
1264,714251586676113411,884,3391
1265,713900603437621249,779,2949
1266,714982300363173890,1088,3901
1267,707983188426153984,2,51
1268,712097430750289920,1097,3942
1269,707995814724026368,1186,3258
1270,708026248782585858,2026,4544
1271,710296729921429505,781,2463
1272,708711088997666817,764,2657
1273,713175907180089344,1537,4628
1274,709179584944730112,709,2090
1275,709852847387627521,1262,3650
1276,715704790270025728,597,2898
1277,716730379797970944,454,1282
1278,711743778164514816,1039,2951
1279,710609963652087808,2491,4983
1280,711306686208872448,771,3445
1281,707738799544082433,2625,4266
1282,710997087345876993,1466,4735
1283,708349470027751425,779,2443
1284,711732680602345472,4363,9231
1285,702276748847800320,809,2575
1286,699779630832685056,1319,2885
1287,704134088924532736,494,1572
1288,704113298707505153,594,1929
1289,705428427625635840,1786,3979
1290,706901761596989440,634,2151
1291,702684942141153280,1147,3360
1292,699801817392291840,1015,3192
1293,707693576495472641,1062,3582
1294,707021089608753152,1447,4243
1295,701981390485725185,1051,3598
1296,700796979434098688,1012,2539
1297,707315916783140866,678,2579
1298,705970349788291072,941,3271
1299,700062718104104960,736,2758
1300,706538006853918722,1491,3598
1301,706346369204748288,972,3594
1302,703268521220972544,574,2051
1303,700462010979500032,1909,4319
1304,707377100785885184,1144,3423
1305,700167517596164096,790,2757
1306,705975130514706432,777,3234
1307,701889187134500865,1458,3699
1308,702539513671897089,1011,2995
1309,700518061187723268,850,2752
1310,702899151802126337,479,1681
1311,700890391244103680,609,2306
1312,704347321748819968,367,1657
1313,707610948723478529,6782,17668
1314,706169069255446529,2356,4063
1315,705475953783398401,974,3077
1316,704491224099647488,84,794
1317,707387676719185920,1373,3648
1318,705239209544720384,789,3117
1319,703425003149250560,1456,3958
1320,707014260413456384,627,2402
1321,705786532653883392,554,2028
1322,705066031337840642,639,2259
1323,702332542343577600,1649,3328
1324,706516534877929472,1096,3226
1325,703382836347330562,1197,3657
1326,703774238772166656,492,1912
1327,701601587219795968,484,2180
1328,706593038911545345,664,2247
1329,701570477911896070,989,2936
1330,707038192327901184,842,2281
1331,707629649552134146,933,2686
1332,700747788515020802,9913,23844
1333,703407252292673536,736,2556
1334,706291001778950144,495,1774
1335,703631701117943808,725,2702
1336,707420581654872064,730,2373
1337,700002074055016451,1422,3455
1338,701952816642965504,1082,3980
1339,706681918348251136,1024,3463
1340,702671118226825216,597,2295
1341,702321140488925184,1095,3423
1342,700847567345688576,528,2531
1343,700029284593901568,620,2155
1344,700143752053182464,2913,7853
1345,706265994973601792,974,2851
1346,700505138482569216,602,2379
1347,707411934438625280,630,2378
1348,704499785726889984,1059,3055
1349,705442520700944385,1738,4635
1350,704859558691414016,578,2346
1351,704819833553219584,1053,2745
1352,707297311098011648,836,2882
1353,703356393781329922,408,1996
1354,703041949650034688,13290,27512
1355,704871453724954624,1175,4438
1356,706166467411222528,1705,5365
1357,701545186879471618,650,2774
1358,699691744225525762,4875,10696
1359,700864154249383937,651,2701
1360,699775878809702401,640,2041
1361,702217446468493312,1418,5010
1362,701214700881756160,5425,12749
1363,702598099714314240,3633,12716
1364,701805642395348998,1791,3581
1365,703611486317502464,1601,4020
1366,700151421916807169,705,2332
1367,699788877217865730,527,2334
1368,703769065844768768,1203,3421
1369,707059547140169728,713,2691
1370,704847917308362754,1626,5317
1371,705898680587526145,588,2474
1372,704364645503647744,3765,8367
1373,706153300320784384,404,1542
1374,702932127499816960,761,2698
1375,705102439679201280,538,2241
1376,703079050210877440,3286,7723
1377,704761120771465216,3069,6904
1378,705591895322394625,1219,3305
1379,706904523814649856,8293,15195
1380,706644897839910912,1158,2688
1381,704480331685040129,1119,3534
1382,706310011488698368,8449,22295
1383,705223444686888960,853,2684
1384,704054845121142784,964,3040
1385,692535307825213440,1441,3339
1386,698178924120031232,787,2921
1387,696518437233913856,1800,4070
1388,693582294167244802,270,1717
1389,692530551048294401,440,1930
1390,697990423684476929,1374,3427
1391,693231807727280129,777,2992
1392,695064344191721472,637,1677
1393,699413908797464576,652,2162
1394,696405997980676096,1208,3351
1395,699323444782047232,915,3304
1396,697482927769255936,712,2520
1397,698195409219559425,6315,17491
1398,698262614669991936,2127,4952
1399,693280720173801472,1312,3513
1400,697575480820686848,528,2129
1401,698635131305795584,360,1344
1402,693267061318012928,863,2495
1403,698953797952008193,958,2818
1404,693629975228977152,844,2557
1405,696900204696625153,1084,3324
1406,696488710901260288,1092,2652
1407,692901601640583168,641,1864
1408,697596423848730625,1334,3162
1409,698710712454139905,724,2578
1410,692187005137076224,866,2636
1411,695314793360662529,1555,3796
1412,693262851218264065,529,2329
1413,696886256886657024,1904,5051
1414,693993230313091072,428,1953
1415,697995514407682048,354,1599
1416,694669722378485760,15337,37315
1417,692417313023332352,3686,9747
1418,696100768806522880,705,2021
1419,693647888581312512,626,2821
1420,699088579889332224,666,2336
1421,697463031882764288,1462,3551
1422,694356675654983680,305,1572
1423,698355670425473025,480,1949
1424,696744641916489729,991,2153
1425,694342028726001664,512,1644
1426,693642232151285760,438,2649
1427,695446424020918272,1921,4561
1428,693622659251335168,389,1615
1429,695629776980148225,2224,4761
1430,697516214579523584,1199,2170
1431,692919143163629568,792,2781
1432,692905862751522816,927,2550
1433,692828166163931137,930,3014
1434,697616773278015490,1073,3300
1435,695409464418041856,3787,9019
1436,694352839993344000,660,2131
1437,698989035503689728,1041,3524
1438,694329668942569472,530,2094
1439,698342080612007937,1005,2357
1440,697270446429966336,1974,4878
1441,696894894812565505,711,2435
1442,693644216740769793,134,1404
1443,695095422348574720,651,2753
1444,693590843962331137,2094,5286
1445,692894228850999298,858,2375
1446,699446877801091073,2769,6199
1447,696713835009417216,681,2470
1448,693486665285931008,669,1858
1449,699370870310113280,462,1964
1450,692568918515392513,1629,4543
1451,699060279947165696,1915,3943
1452,699036661657767936,1267,2718
1453,699079609774645248,694,2559
1454,693095443459342336,490,1956
1455,694001791655137281,1091,3548
1456,695794761660297217,826,3324
1457,693109034023534592,650,1790
1458,697630435728322560,570,1824
1459,694183373896572928,986,3078
1460,696877980375769088,751,2543
1461,696490539101908992,154,1272
1462,699072405256409088,1260,3134
1463,697255105972801536,1229,3145
1464,695767669421768709,791,1956
1465,697881462549430272,1265,3146
1466,695074328191332352,1174,2971
1467,697242256848379904,707,2623
1468,694925794720792577,968,2814
1469,699423671849451520,349,1433
1470,698907974262222848,660,2644
1471,696754882863349760,377,1537
1472,695051054296211456,835,2780
1473,695816827381944320,1237,3140
1474,699434518667751424,537,2257
1475,698703483621523456,402,1516
1476,692423280028966913,243,1542
1477,694206574471057408,2155,4368
1478,692752401762250755,3851,7131
1479,697259378236399616,1052,3426
1480,698549713696649216,655,2426
1481,693942351086120961,388,1808
1482,694905863685980160,987,2876
1483,697943111201378304,727,2499
1484,693155686491000832,3394,8235
1485,686035780142297088,129,1208
1486,687124485711986689,533,2264
1487,687841446767013888,2686,5718
1488,687127927494963200,2434,5707
1489,690360449368465409,948,2759
1490,690348396616552449,548,1572
1491,690959652130045952,1332,3750
1492,687317306314240000,9704,20977
1493,686394059078897668,720,1826
1494,688898160958271489,839,2203
1495,687102708889812993,1051,2444
1496,686606069955735556,580,1980
1497,691416866452082688,8129,20166
1498,689280876073582592,756,2082
1499,689143371370250240,542,2113
1500,687476254459715584,564,2066
1501,691096613310316544,936,3087
1502,687732144991551489,699,1844
1503,689283819090870273,1171,3436
1504,688894073864884227,738,2341
1505,688908934925697024,822,2205
1506,688519176466644993,780,2419
1507,688064179421470721,381,1807
1508,687494652870668288,610,1991
1509,686618349602762752,1449,3859
1510,688116655151435777,829,2956
1511,689557536375177216,488,2139
1512,691820333922455552,1760,4126
1513,687818504314159109,1009,2617
1514,688179443353796608,620,2210
1515,691459709405118465,1221,4237
1516,688828561667567616,396,1441
1517,690400367696297985,479,1958
1518,687312378585812992,2018,4556
1519,688385280030670848,4722,9695
1520,686377065986265092,598,2318
1521,687826841265172480,1195,2853
1522,692142790915014657,416,1717
1523,686050296934563840,776,2305
1524,690607260360429569,17,304
1525,687109925361856513,2617,6073
1526,688916208532455424,926,2860
1527,690728923253055490,549,2264
1528,686386521809772549,934,3407
1529,691675652215414786,535,2029
1530,686947101016735744,3378,9006
1531,689661964914655233,987,3351
1532,686034024800862208,1239,3258
1533,690248561355657216,437,1753
1534,691483041324204033,598,2479
1535,691090071332753408,356,1788
1536,689835978131935233,799,2258
1537,687807801670897665,744,2506
1538,692017291282812928,1008,2990
1539,686683045143953408,851,2937
1540,690690673629138944,847,2426
1541,692041934689402880,1352,3551
1542,686286779679375361,1770,4174
1543,689255633275777024,1150,2675
1544,689517482558820352,1519,3551
1545,687399393394311168,663,1977
1546,689905486972461056,734,2540
1547,689977555533848577,475,1432
1548,687704180304273409,884,2551
1549,689999384604450816,396,1493
1550,686749460672679938,1549,3628
1551,687096057537363968,642,2350
1552,686358356425093120,724,2302
1553,690989312272396288,3037,6162
1554,692158366030913536,842,2245
1555,691321916024623104,701,2688
1556,687460506001633280,576,2142
1557,686730991906516992,1273,4339
1558,690938899477221376,2110,4308
1559,691793053716221953,4457,8472
1560,689275259254616065,260,1210
1561,691444869282295808,894,2771
1562,688547210804498433,744,2735
1563,690015576308211712,788,2625
1564,690735892932222976,1353,3947
1565,687664829264453632,541,2022
1566,689623661272240129,681,2333
1567,691756958957883396,1084,3019
1568,689993469801164801,481,1530
1569,688789766343622656,704,2321
1570,689289219123089408,996,2358
1571,689599056876867584,5881,12141
1572,689877686181715968,1254,3165
1573,688804835492233216,206,1007
1574,688211956440801280,881,2330
1575,690597161306841088,639,2049
1576,690374419777196032,913,3409
1577,690005060500217858,1792,3838
1578,690021994562220032,1100,2912
1579,686760001961103360,1462,3677
1580,689659372465688576,4113,10814
1581,690649993829576704,296,1366
1582,689154315265683456,1066,3202
1583,690932576555528194,1084,3431
1584,687480748861947905,256,1666
1585,683742671509258241,3534,6791
1586,681340665377193984,297,1713
1587,681339448655802368,4326,9702
1588,682393905736888321,728,2339
1589,682808988178739200,192,1850
1590,681579835668455424,1384,3699
1591,685906723014619143,3098,7861
1592,683481228088049664,1060,2758
1593,685663452032069632,1559,3402
1594,684588130326986752,1494,4304
1595,683515932363329536,3103,7691
1596,681320187870711809,805,2769
1597,682389078323662849,496,1737
1598,685681090388975616,134,2126
1599,681981167097122816,1097,2915
1600,684097758874210310,1528,4286
1601,682962037429899265,17743,38593
1602,685641971164143616,831,3066
1603,684222868335505415,1464,4005
1604,682047327939461121,1028,3345
1605,682242692827447297,1255,3394
1606,683828599284170753,1124,2924
1607,681523177663676416,6176,14956
1608,684188786104872960,1252,3636
1609,682788441537560576,1188,2579
1610,684177701129875456,715,2109
1611,682003177596559360,1634,3288
1612,684460069371654144,590,2073
1613,685532292383666176,1226,3177
1614,684880619965411328,871,2199
1615,682259524040966145,1288,4348
1616,681610798867845120,504,1991
1617,682429480204398592,1241,3585
1618,684800227459624960,1059,2836
1619,681242418453299201,573,1564
1620,684594889858887680,3756,9327
1621,686007916130873345,449,2598
1622,684481074559381504,1241,4054
1623,685547936038666240,16687,34455
1624,681891461017812993,878,2571
1625,681281657291280384,1172,3361
1626,685307451701334016,467,2166
1627,684914660081053696,1558,3669
1628,681302363064414209,1944,4117
1629,684926975086034944,494,3661
1630,684195085588783105,551,2005
1631,685321586178670592,684,2765
1632,682088079302213632,10525,19096
1633,684122891630342144,502,2086
1634,683462770029932544,712,2536
1635,684567543613382656,1308,3146
1636,685169283572338688,1511,4281
1637,684147889187209216,1591,3114
1638,685268753634967552,1280,3232
1639,683449695444799489,1714,4065
1640,681193455364796417,1579,3870
1641,685198997565345792,705,2434
1642,682059653698686977,1795,5180
1643,685943807276412928,639,1701
1644,684241637099323392,3519,8514
1645,682406705142087680,1876,7924
1646,682662431982772225,1150,3181
1647,682638830361513985,643,2148
1648,683357973142474752,998,3070
1649,684959798585110529,3329,7119
1650,683030066213818368,773,2244
1651,683849932751646720,1042,2740
1652,685315239903100929,1149,3500
1653,683098815881154561,704,2266
1654,682750546109968385,463,1589
1655,683391852557561860,2535,7958
1656,681654059175129088,987,2751
1657,683857920510050305,1188,3978
1658,684902183876321280,564,1965
1659,684225744407494656,227,1291
1660,683852578183077888,371,2016
1661,684969860808454144,402,2471
1662,683111407806746624,971,3548
1663,681694085539872773,4313,13330
1664,686003207160610816,677,1909
1665,684940049151070208,1110,3360
1666,680970795137544192,710,2536
1667,683773439333797890,1443,3493
1668,681297372102656000,1017,3344
1669,682303737705140231,1064,3213
1670,683078886620553216,600,2073
1671,685667379192414208,608,2448
1672,683142553609318400,1109,3018
1673,681231109724700672,514,2502
1674,683834909291606017,1183,2737
1675,684200372118904832,1096,2260
1676,682032003584274432,2142,6874
1677,682697186228989953,380,1371
1678,681261549936340994,291,1517
1679,685325112850124800,4233,9911
1680,683498322573824003,1024,3315
1681,681679526984871937,478,1841
1682,685973236358713344,557,2208
1683,684538444857667585,1012,2768
1684,684830982659280897,22986,36591
1685,678396796259975168,443,1649
1686,679062614270468097,8705,17744
1687,680115823365742593,964,2824
1688,678334497360859136,275,1349
1689,678675843183484930,1570,2980
1690,678399652199309312,33629,82145
1691,678991772295516161,1250,2415
1692,677565715327688705,483,1338
1693,677334615166730240,308,1403
1694,680473011644985345,793,2657
1695,678774928607469569,972,2906
1696,680934982542561280,466,2164
1697,678755239630127104,3505,7413
1698,677716515794329600,1019,3166
1699,679148763231985668,1095,2878
1700,678023323247357953,405,2004
1701,680070545539371008,932,2685
1702,679530280114372609,2202,4961
1703,678410210315247616,1929,4395
1704,678341075375947776,568,1792
1705,677644091929329666,840,1929
1706,679729593985699840,870,2254
1707,677673981332312066,1580,3455
1708,680100725817409536,1452,3720
1709,679047485189439488,719,2337
1710,680176173301628928,1665,4066
1711,679777920601223168,1186,3210
1712,679722016581222400,497,1728
1713,677573743309385728,763,2215
1714,679462823135686656,19990,33041
1715,679877062409191424,685,2053
1716,680221482581123072,306,1517
1717,679736210798047232,842,2172
1718,680889648562991104,387,1840
1719,680609293079592961,755,2751
1720,677301033169788928,433,1280
1721,680805554198020098,705,2254
1722,679872969355714560,706,2271
1723,680161097740095489,782,2423
1724,679475951516934144,679,2179
1725,677187300187611136,973,2818
1726,680801747103793152,877,2468
1727,678255464182861824,394,1641
1728,680836378243002368,1412,3610
1729,677662372920729601,1025,2016
1730,679828447187857408,14913,37775
1731,680130881361686529,1013,2382
1732,678424312106393600,2685,5616
1733,679111216690831360,2712,6194
1734,677328882937298944,1578,3753
1735,677335745548390400,1883,3142
1736,679862121895714818,662,2557
1737,677700003327029250,1527,3512
1738,678708137298427904,2568,5779
1739,679503373272485890,1564,3275
1740,680206703334408192,1253,2961
1741,678389028614488064,442,1938
1742,680191257256136705,536,2231
1743,679132435750195208,1229,3078
1744,678446151570427904,1659,4147
1745,679511351870550016,1347,3510
1746,678740035362037760,1799,3905
1747,680440374763077632,535,1514
1748,677331501395156992,247,1132
1749,678278586130948096,6422,11881
1750,677314812125323265,565,1693
1751,678021115718029313,6743,14269
1752,677895101218201600,2221,5008
1753,677687604918272002,892,2566
1754,677228873407442944,1724,3657
1755,680959110691590145,2129,4750
1756,677530072887205888,239,1113
1757,680583894916304897,1433,3782
1758,677547928504967168,3840,7167
1759,680494726643068929,510,1792
1760,677918531514703872,432,1399
1761,678380236862578688,962,2528
1762,679405845277462528,1275,2472
1763,680497766108381184,2026,4414
1764,680798457301471234,1109,2983
1765,677557565589463040,1224,2522
1766,679001094530465792,1310,2935
1767,678764513869611008,504,1704
1768,677698403548192770,336,1271
1769,678798276842360832,1257,3609
1770,678643457146150913,448,2130
1771,678800283649069056,956,2678
1772,677269281705472000,742,2067
1773,679158373988876288,8593,22316
1774,678969228704284672,488,1702
1775,679854723806179328,1308,2985
1776,680940246314430465,1123,3359
1777,680913438424612864,658,2495
1778,680085611152338944,9500,13331
1779,678767140346941444,1449,3672
1780,679527802031484928,767,2756
1781,680145970311643136,1860,3774
1782,677961670166224897,1779,3540
1783,679844490799091713,810,2471
1784,675740360753160193,363,1199
1785,675145476954566656,940,2186
1786,675522403582218240,298,1069
1787,676263575653122048,578,2136
1788,676089483918516224,451,1355
1789,675898130735476737,597,1674
1790,674690135443775488,484,1173
1791,674743008475090944,575,1434
1792,675349384339542016,2351,4004
1793,675891555769696257,906,2187
1794,675147105808306176,250,966
1795,675047298674663426,342,1085
1796,675501075957489664,6052,17550
1797,676613908052996102,206,1121
1798,674999807681908736,1142,2292
1799,675870721063669760,599,1686
1800,676819651066732545,698,1858
1801,676897532954456065,761,2327
1802,676575501977128964,1174,2675
1803,674752233200820224,483,1490
1804,676101918813499392,1212,2896
1805,674670581682434048,676,1642
1806,675111688094527488,264,986
1807,676864501615042560,745,2164
1808,675517828909424640,477,1329
1809,675135153782571009,513,1324
1810,674767892831932416,819,1860
1811,675153376133427200,2721,6431
1812,676237365392908289,306,1262
1813,675109292475830276,1180,2861
1814,675372240448454658,529,1732
1815,675497103322386432,1351,3216
1816,676975532580409345,1129,2868
1817,676219687039057920,32455,77066
1818,675149409102012420,1753,3825
1819,676606785097199616,459,1937
1820,674781762103414784,1250,2040
1821,675849018447167488,155,969
1822,675888385639251968,1004,2441
1823,674739953134403584,409,1134
1824,676533798876651520,583,1938
1825,676593408224403456,2266,4719
1826,675166823650848770,1676,3697
1827,675113801096802304,814,1994
1828,675706639471788032,102,662
1829,675878199931371520,1459,4283
1830,676588346097852417,838,2402
1831,674790488185167872,260,1128
1832,676440007570247681,695,1774
1833,676948236477857792,917,2243
1834,675015141583413248,1247,2776
1835,674737130913071104,96,661
1836,676215927814406144,612,1791
1837,675822767435051008,558,1564
1838,675707330206547968,727,2031
1839,676603393314578432,404,1203
1840,676191832485810177,1077,2348
1841,675781562965868544,495,1663
1842,675820929667219457,240,1079
1843,675003128568291329,490,1589
1844,676776431406465024,2105,5157
1845,676590572941893632,133,945
1846,676496375194980353,560,1565
1847,676957860086095872,849,2289
1848,675798442703122432,3536,10522
1849,675534494439489536,435,1865
1850,676617503762681856,1033,2988
1851,676811746707918848,444,1455
1852,675483430902214656,1014,1891
1853,675006312288268288,236,1007
1854,675531475945709568,402,1214
1855,676916996760600576,1889,3061
1856,675845657354215424,929,2344
1857,676121918416756736,1212,2214
1858,675146535592706048,327,1220
1859,674764817387900928,247,799
1860,675334060156301312,1346,2847
1861,675853064436391936,1357,2763
1862,675432746517426176,593,1562
1863,675354435921575936,17916,33628
1864,676946864479084545,397,1764
1865,676470639084101634,4895,11949
1866,674788554665512960,218,825
1867,674754018082705410,466,1391
1868,675489971617296384,623,1334
1869,676942428000112642,797,2137
1870,676821958043033607,16414,23794
1871,676098748976615425,1508,3095
1872,676146341966438401,697,1978
1873,674805413498527744,368,877
1874,674800520222154752,892,3068
1875,676430933382295552,361,1437
1876,676582956622721024,291,1240
1877,676949632774234114,419,1346
1878,674774481756377088,494,1145
1879,675710890956750848,861,1940
1880,676936541936185344,5163,13117
1881,674793399141146624,1133,2556
1882,674742531037511680,53,500
1883,675362609739206656,237,1073
1884,673680198160809984,481,1389
1885,673715861853720576,2153,3594
1886,673919437611909120,378,1187
1887,674416750885273600,145,694
1888,673352124999274496,549,1678
1889,673906403526995968,1663,3237
1890,673688752737402881,506,1281
1891,674255168825880576,574,1491
1892,672834301050937345,583,1329
1893,674262580978937856,468,1325
1894,672988786805112832,301,992
1895,673662677122719744,370,1274
1896,674646392044941312,516,1462
1897,672964561327235073,655,1434
1898,672980819271634944,1029,1840
1899,672984142909456390,557,1265
1900,674265582246694913,877,1670
1901,672622327801233409,506,1310
1902,674008982932058114,366,1213
1903,674468880899788800,2131,6341
1904,672591762242805761,342,960
1905,672902681409806336,517,1385
1906,672877615439593473,379,1045
1907,672975131468300288,937,1706
1908,674447403907457024,368,1086
1909,674063288070742018,2283,6479
1910,673317986296586240,266,882
1911,673707060090052608,403,1112
1912,672997845381865473,738,1996
1913,673295268553605120,3249,7623
1914,673636718965334016,371,1127
1915,673709992831262724,283,860
1916,673270968295534593,377,1077
1917,672828477930868736,505,1268
1918,672898206762672129,432,911
1919,672609152938721280,399,1127
1920,673342308415348736,603,1293
1921,673583129559498752,378,1209
1922,672995267319328768,307,971
1923,673148804208660480,648,1713
1924,674051556661161984,499,1468
1925,673887867907739649,257,944
1926,673343217010679808,278,985
1927,674307341513269249,7194,11540
1928,674632714662858753,598,1532
1929,674372068062928900,322,863
1930,673350198937153538,218,755
1931,673700254269775872,591,1461
1932,673686845050527744,450,1461
1933,674291837063053312,6094,15013
1934,673240798075449344,750,1436
1935,673576835670777856,575,1402
1936,672591271085670400,188,739
1937,674045139690631169,658,1441
1938,672640509974827008,329,983
1939,672614745925664768,599,1234
1940,674410619106390016,482,1222
1941,673363615379013632,312,1040
1942,674014384960745472,667,1584
1943,674394782723014656,594,1528
1944,672594978741354496,622,1340
1945,673320132811366400,8170,13667
1946,674318007229923329,531,1441
1947,672970152493887488,365,957
1948,673359818736984064,687,1478
1949,674036086168010753,219,860
1950,673711475735838725,304,1053
1951,674082852460433408,176,767
1952,674075285688614912,298,996
1953,673705679337693185,411,1273
1954,673708611235921920,299,1094
1955,674042553264685056,132,735
1956,672604026190569472,407,1126
1957,674644256330530816,277,1050
1958,673213039743795200,869,2286
1959,674053186244734976,1340,3380
1960,674038233588723717,425,1123
1961,674422304705744896,555,1465
1962,673612854080196609,741,1612
1963,674638615994089473,601,1716
1964,672538107540070400,376,1041
1965,674606911342424069,102,957
1966,673355879178194945,596,1512
1967,673345638550134785,1315,2554
1968,673697980713705472,2012,3862
1969,673656262056419329,248,726
1970,674436901579923456,407,1135
1971,674024893172875264,1266,1814
1972,672523490734551040,175,648
1973,673689733134946305,667,1763
1974,674269164442398721,232,914
1975,673580926094458881,274,845
1976,674271431610523648,752,1595
1977,672968025906282496,558,1331
1978,674664755118911488,263,943
1979,674019345211760640,309,1154
1980,673716320723169284,783,3120
1981,674330906434379776,76,572
1982,673956914389192708,996,1982
1983,672884426393653248,851,1572
1984,671504605491109889,3622,7102
1985,671151324042559489,158,677
1986,671547767500775424,610,1365
1987,670826280409919488,4146,5620
1988,670840546554966016,198,600
1989,672139350159835138,730,1767
1990,671154572044468225,225,723
1991,672254177670729728,760,1449
1992,672466075045466113,552,1366
1993,671357843010908160,150,406
1994,671109016219725825,449,1160
1995,671896809300709376,4253,8564
1996,670783437142401025,405,831
1997,671138694582165504,414,939
1998,671485057807351808,236,767
1999,672160042234327040,366,882
2000,670792680469889025,285,839
2001,671518598289059840,298,963
2002,672267570918129665,629,1518
2003,671511350426865664,740,1627
2004,670778058496974848,74,331
2005,670782429121134593,789,1588
2006,670842764863651840,8926,24864
2007,672488522314567680,449,1124
2008,671538301157904385,404,936
2009,670822709593571328,99,619
2010,671891728106971137,585,1345
2011,671542985629241344,575,1103
2012,672068090318987265,526,1302
2013,671115716440031232,792,1379
2014,671182547775299584,352,1137
2015,671147085991960577,230,683
2016,672082170312290304,374,949
2017,671866342182637568,512,1133
2018,671729906628341761,4449,8597
2019,671882082306625538,1407,3504
2020,671497587707535361,454,927
2021,671159727754231808,84,379
2022,671347597085433856,439,968
2023,672095186491711488,374,1007
2024,670764103623966721,432,1086
2025,672245253877968896,162,696
2026,670838202509447168,711,1129
2027,670823764196741120,197,786
2028,671763349865160704,946,1707
2029,671163268581498880,1133,1680
2030,672475084225949696,716,1444
2031,670733412878163972,524,977
2032,671355857343524864,116,486
2033,670727704916926465,369,835
2034,671362598324076544,299,1123
2035,671550332464455680,211,926
2036,671186162933985280,218,745
2037,672481316919734272,128,724
2038,672272411274932228,3474,6529
2039,672248013293752320,625,1738
2040,671879137494245376,700,1440
2041,672222792075620352,216,793
2042,670803562457407488,88,347
2043,670833812859932673,128,454
2044,672256522047614977,1593,2843
2045,671520732782923777,537,1415
2046,670786190031921152,205,609
2047,671744970634719232,789,1358
2048,671735591348891648,775,1467
2049,670789397210615808,246,671
2050,671789708968640512,3573,7129
2051,671122204919246848,2580,3539
2052,671390180817915904,748,1437
2053,672482722825261057,618,1148
2054,671874878652489728,570,1259
2055,671768281401958400,538,1205
2056,671533943490011136,591,1032
2057,671855973984772097,456,914
2058,670797304698376195,243,744
2059,672205392827572224,1181,2283
2060,670832455012716544,224,743
2061,672169685991993344,377,1033
2062,670995969505435648,299,1117
2063,671141549288370177,670,1176
2064,671528761649688577,265,851
2065,670815497391357952,1573,3207
2066,671486386088865792,209,583
2067,670755717859713024,114,448
2068,672264251789176834,346,1156
2069,671561002136281088,7390,12961
2070,670807719151067136,501,1171
2071,671166507850801152,360,887
2072,671536543010570240,420,1191
2073,671544874165002241,1069,2002
2074,670717338665226240,507,1221
2075,670780561024270336,296,794
2076,671134062904504320,199,760
2077,671488513339211776,479,1021
2078,672239279297454080,329,907
2079,672231046314901505,1040,1856
2080,672125275208069120,1167,2436
2081,670811965569282048,275,1144
2082,671743150407421952,236,747
2083,670804601705242624,979,1992
2084,670427002554466305,167,525
2085,669683899023405056,112,393
2086,669371483794317312,184,504
2087,670442337873600512,202,649
2088,669573570759163904,143,441
2089,669353438988365824,266,653
2090,670444955656130560,2026,6792
2091,668994913074286592,236,445
2092,668852170888998912,171,459
2093,669583744538451968,943,1508
2094,670465786746662913,564,979
2095,670668383499735048,5149,10831
2096,669972011175813120,165,450
2097,670385711116361728,217,567
2098,669354382627049472,1296,2741
2099,670003130994700288,95,336
2100,669006782128353280,256,584
2101,668981893510119424,316,544
2102,669564461267722241,127,391
2103,669375718304980992,748,1350
2104,670691627984359425,249,596
2105,668815180734689280,278,580
2106,670679630144274432,290,758
2107,669037058363662336,320,663
2108,668779399630725120,379,711
2109,669684865554620416,91,525
2110,668872652652679168,307,533
2111,670319130621435904,1246,3903
2112,670403879788544000,161,438
2113,669203728096960512,489,1015
2114,669000397445533696,6499,21099
2115,669359674819481600,127,373
2116,669324657376567296,213,503
2117,668960084974809088,244,710
2118,670069087419133954,249,634
2119,669625907762618368,1851,3564
2120,669993076832759809,86,328
2121,668986018524233728,172,561
2122,670411370698022913,920,2045
2123,669363888236994561,233,632
2124,669571471778410496,1040,1607
2125,670055038660800512,338,678
2126,669597912108789760,152,519
2127,670434127938719744,660,1419
2128,670046952931721218,181,651
2129,669749430875258880,66,270
2130,670086499208155136,259,705
2131,669567591774625800,56,240
2132,670361874861563904,69,332
2133,669753178989142016,409,824
2134,669923323644657664,58,238
2135,670079681849372674,1268,2246
2136,669327207240699904,119,582
2137,670474236058800128,776,1539
2138,670420569653809152,322,634
2139,668989615043424256,335,686
2140,668892474547511297,154,397
2141,669216679721873412,412,1203
2142,670704688707301377,379,775
2143,668975677807423489,593,1317
2144,669351434509529089,192,444
2145,670338931251150849,113,429
2146,668992363537309700,355,749
2147,670433248821026816,114,332
2148,670428280563085312,642,1402
2149,670449342516494336,683,1206
2150,670452855871037440,213,554
2151,668955713004314625,73,283
2152,670417414769758208,325,575
2153,669680153564442624,295,677
2154,668979806671884288,355,803
2155,670061506722140161,350,776
2156,670303360680108032,139,433
2157,669970042633789440,62,306
2158,668932921458302977,59,269
2159,668826086256599040,141,439
2160,670408998013820928,230,562
2161,669015743032369152,381,750
2162,668967877119254528,25,146
2163,670421925039075328,648,1326
2164,669603084620980224,368,957
2165,670290420111441920,293,712
2166,670093938074779648,342,1039
2167,670468609693655041,86,355
2168,670374371102445568,276,754
2169,669328503091937280,424,1025
2170,669926384437997569,106,380
2171,670040295598354432,115,765
2172,669214165781868544,170,444
2173,668902994700836864,103,320
2174,669393256313184256,78,372
2175,670676092097810432,44,251
2176,669682095984410625,136,355
2177,669367896104181761,161,471
2178,670037189829525505,285,592
2179,668988183816871936,481,905
2180,669661792646373376,449,810
2181,670073503555706880,808,1590
2182,669942763794931712,168,512
2183,670435821946826752,528,1066
2184,667937095915278337,802,1277
2185,667065535570550784,46,166
2186,667549055577362432,2311,5821
2187,668204964695683073,198,558
2188,668620235289837568,43,205
2189,667873844930215936,414,630
2190,668256321989451776,629,1316
2191,667782464991965184,246,409
2192,668268907921326080,243,559
2193,668623201287675904,788,1443
2194,667437278097252352,239,449
2195,668291999406125056,32,248
2196,667766675769573376,220,444
2197,667495797102141441,272,521
2198,667182792070062081,6240,14348
2199,668190681446379520,199,661
2200,668542336805281792,220,466
2201,668248472370458624,499,1002
2202,668237644992782336,2903,6265
2203,668496999348633600,135,419
2204,668171859951755264,199,498
2205,667138269671505920,2212,4596
2206,667924896115245057,113,304
2207,667443425659232256,583,781
2208,667861340749471744,78,244
2209,668466899341221888,526,893
2210,667524857454854144,1118,1707
2211,667832474953625600,63,291
2212,667534815156183040,546,821
2213,667177989038297088,55,190
2214,667152164079423490,17168,47751
2215,668587383441514497,1097,1687
2216,667517642048163840,193,367
2217,668480044826800133,152,465
2218,667171260800061440,91,221
2219,668636665813057536,499,1052
2220,667174963120574464,84,243
2221,667530908589760512,242,469
2222,667911425562669056,309,495
2223,668226093875376128,105,302
2224,668655139528511488,222,541
2225,667773195014021121,57,236
2226,667393430834667520,56,194
2227,667550882905632768,33,0
2228,667470559035432960,100,258
2229,667211855547486208,242,492
2230,668645506898350081,543,904
2231,667866724293877760,1048,3018
2232,668625577880875008,138,393
2233,668633411083464705,1683,2847
2234,667192066997374976,108,384
2235,667455448082227200,60,191
2236,667502640335572993,221,535
2237,667453023279554560,91,313
2238,668221241640230912,200,513
2239,667073648344346624,121,402
2240,667160273090932737,62,256
2241,667188689915760640,418,742
2242,668113020489474048,247,672
2243,667886921285246976,1111,1901
2244,667165590075940865,1143,2692
2245,667546741521195010,126,335
2246,667491009379606528,230,533
2247,667902449697558528,381,857
2248,667801013445750784,97,329
2249,667200525029539841,261,613
2250,667544320556335104,531,870
2251,667724302356258817,323,483
2252,667915453470232577,57,210
2253,668297328638447616,302,627
2254,668544745690562560,232,521
2255,667885044254572545,497,823
2256,668643542311546881,541,890
2257,668286279830867968,140,508
2258,667806454573760512,503,1062
2259,668154635664932864,322,502
2260,668567822092664832,57,247
2261,667878741721415682,122,395
2262,668528771708952576,232,465
2263,667176164155375616,464,610
2264,668614819948453888,321,620
2265,667405339315146752,220,466
2266,667793409583771648,335,702
2267,667550904950915073,35,0
2268,668507509523615744,111,330
2269,667369227918143488,164,365
2270,667728196545200128,152,378
2271,668274247790391296,235,833
2272,668484198282485761,240,433
2273,668142349051129856,289,571
2274,668537837512433665,77,254
2275,668627278264475648,118,322
2276,667090893657276420,126,331
2277,667070482143944705,14,81
2278,667435689202614272,84,304
2279,667509364010450944,2150,6804
2280,668641109086707712,549,1087
2281,668631377374486528,325,727
2282,667119796878725120,127,328
2283,667538891197542400,65,204
2284,666701168228331520,219,425
2285,666776908487630848,174,347
2286,666073100786774016,159,315
2287,666996132027977728,94,243
2288,666739327293083650,66,234
2289,666837028449972224,553,813
2290,667012601033924608,225,443
2291,666049248165822465,42,106
2292,666044226329800704,136,292
2293,666418789513326592,45,122
2294,666781792255496192,192,383
2295,666407126856765440,40,106
2296,666102155909144576,11,78
2297,666033412701032449,43,123
2298,666373753744588802,89,182
2299,666454714377183233,208,515
2300,666082916733198337,44,113
2301,666029285002620928,46,126
2302,666435652385423360,53,162
2303,667062181243039745,54,215
2304,666058600524156928,57,109
2305,666057090499244032,138,289
2306,666050758794694657,57,130
2307,666293911632134144,344,489
2308,666071193221509120,58,142
2309,666345417576210432,132,285
2310,666020888022790149,498,2532
2311,666421158376562688,111,312
2312,666983947667116034,982,2541
2313,666063827256086533,213,465
2314,666447344410484738,20,103
2315,666691418707132416,47,186
2316,666337882303524864,90,190
2317,666273097616637952,76,170
2318,667044094246576128,51,182
2319,666411507551481857,322,434
2320,666786068205871104,484,756
2321,666428276349472768,82,163
2322,666353288456101888,71,215
2323,666826780179869698,97,251
2324,666804364988780544,93,240
2325,666817836334096384,249,515
2326,666396247373291520,83,161
2327,666644823164719104,80,228
2328,666649482315059201,620,1115
2329,666055525042405380,235,428
2330,666051853826850816,831,1196
2331,666094000022159362,72,161
2332,666430724426358785,195,310
2333,666287406224695296,63,143
2334,666437273139982337,47,123
2335,666099513787052032,66,151
2336,666268910803644416,35,100
2337,666362758909284353,560,757
2338,666835007768551424,80,213
2339,666104133288665088,6394,14046
